{"cameraMode":{"drawMode":0,"name":"Shaded","section":"Shading Mode"},"sceneLighting":true,"audioPlay":false,"sceneViewState":{"m_AlwaysRefresh":false,"showFog":true,"showSkybox":true,"showFlares":true,"showImageEffects":true,"showParticleSystems":true,"showVisualEffectGraphs":true,"m_FxEnabled":true},"in2DMode":false,"pivot":{"x":3.9964168071746828,"y":11.284629821777344,"z":-17.049882888793947},"rotation":{"x":-0.4750381112098694,"y":-0.0321081317961216,"z":0.017011918127536775,"w":-0.8794647455215454},"size":0.40516796708106997,"orthographic":false}